-- Seed NBA franchises, seasons (2013-2024), and team records
-- Populates franchise/season/team so FK constraints are satisfied

-- FRANCHISES
INSERT OR IGNORE INTO franchise
    (franchise_id, nba_franchise_id, current_team_name, current_city, abbreviation, conference, division, founded_year, league_id)
VALUES
    (1610612737, 1610612737, 'Hawks', 'Atlanta', 'ATL', 'East', 'Southeast', 1946, 'NBA'),
    (1610612738, 1610612738, 'Celtics', 'Boston', 'BOS', 'East', 'Atlantic', 1946, 'NBA'),
    (1610612739, 1610612739, 'Cavaliers', 'Cleveland', 'CLE', 'East', 'Central', 1970, 'NBA'),
    (1610612740, 1610612740, 'Pelicans', 'New Orleans', 'NOP', 'West', 'Southwest', 2002, 'NBA'),
    (1610612741, 1610612741, 'Bulls', 'Chicago', 'CHI', 'East', 'Central', 1966, 'NBA'),
    (1610612742, 1610612742, 'Mavericks', 'Dallas', 'DAL', 'West', 'Southwest', 1980, 'NBA'),
    (1610612743, 1610612743, 'Nuggets', 'Denver', 'DEN', 'West', 'Northwest', 1967, 'NBA'),
    (1610612744, 1610612744, 'Warriors', 'San Francisco', 'GSW', 'West', 'Pacific', 1946, 'NBA'),
    (1610612745, 1610612745, 'Rockets', 'Houston', 'HOU', 'West', 'Southwest', 1967, 'NBA'),
    (1610612746, 1610612746, 'Clippers', 'Los Angeles', 'LAC', 'West', 'Pacific', 1970, 'NBA'),
    (1610612747, 1610612747, 'Lakers', 'Los Angeles', 'LAL', 'West', 'Pacific', 1947, 'NBA'),
    (1610612748, 1610612748, 'Heat', 'Miami', 'MIA', 'East', 'Southeast', 1988, 'NBA'),
    (1610612749, 1610612749, 'Bucks', 'Milwaukee', 'MIL', 'East', 'Central', 1968, 'NBA'),
    (1610612750, 1610612750, 'Timberwolves', 'Minnesota', 'MIN', 'West', 'Northwest', 1989, 'NBA'),
    (1610612751, 1610612751, 'Nets', 'Brooklyn', 'BKN', 'East', 'Atlantic', 1967, 'NBA'),
    (1610612752, 1610612752, 'Knicks', 'New York', 'NYK', 'East', 'Atlantic', 1946, 'NBA'),
    (1610612753, 1610612753, 'Magic', 'Orlando', 'ORL', 'East', 'Southeast', 1989, 'NBA'),
    (1610612754, 1610612754, 'Pacers', 'Indiana', 'IND', 'East', 'Central', 1967, 'NBA'),
    (1610612755, 1610612755, '76ers', 'Philadelphia', 'PHI', 'East', 'Atlantic', 1946, 'NBA'),
    (1610612756, 1610612756, 'Suns', 'Phoenix', 'PHX', 'West', 'Pacific', 1968, 'NBA'),
    (1610612757, 1610612757, 'Trail Blazers', 'Portland', 'POR', 'West', 'Northwest', 1970, 'NBA'),
    (1610612758, 1610612758, 'Kings', 'Sacramento', 'SAC', 'West', 'Pacific', 1945, 'NBA'),
    (1610612759, 1610612759, 'Spurs', 'San Antonio', 'SAS', 'West', 'Southwest', 1967, 'NBA'),
    (1610612760, 1610612760, 'Thunder', 'Oklahoma City', 'OKC', 'West', 'Northwest', 1967, 'NBA'),
    (1610612761, 1610612761, 'Raptors', 'Toronto', 'TOR', 'East', 'Atlantic', 1995, 'NBA'),
    (1610612762, 1610612762, 'Jazz', 'Utah', 'UTA', 'West', 'Northwest', 1974, 'NBA'),
    (1610612763, 1610612763, 'Grizzlies', 'Memphis', 'MEM', 'West', 'Southwest', 1995, 'NBA'),
    (1610612764, 1610612764, 'Wizards', 'Washington', 'WAS', 'East', 'Southeast', 1961, 'NBA'),
    (1610612765, 1610612765, 'Pistons', 'Detroit', 'DET', 'East', 'Central', 1941, 'NBA'),
    (1610612766, 1610612766, 'Hornets', 'Charlotte', 'CHA', 'East', 'Southeast', 1988, 'NBA');

-- SEASONS
INSERT OR IGNORE INTO season (season_id, league_id, season_label, games_per_team) VALUES
    (2013, 'NBA', '2013-14', 82),
    (2014, 'NBA', '2014-15', 82),
    (2015, 'NBA', '2015-16', 82),
    (2016, 'NBA', '2016-17', 82),
    (2017, 'NBA', '2017-18', 82),
    (2018, 'NBA', '2018-19', 82),
    (2019, 'NBA', '2019-20', 72),
    (2020, 'NBA', '2020-21', 72),
    (2021, 'NBA', '2021-22', 82),
    (2022, 'NBA', '2022-23', 82),
    (2023, 'NBA', '2023-24', 82),
    (2024, 'NBA', '2024-25', 82);

-- TEAM rows (one per franchise per season)
INSERT OR IGNORE INTO team
    (team_id, franchise_id, season_id, team_name, city, abbreviation, conference, division)
VALUES
    (1610612737, 1610612737, 2013, 'Hawks', 'Atlanta', 'ATL', 'East', 'Southeast'),
    (1610612738, 1610612738, 2013, 'Celtics', 'Boston', 'BOS', 'East', 'Atlantic'),
    (1610612739, 1610612739, 2013, 'Cavaliers', 'Cleveland', 'CLE', 'East', 'Central'),
    (1610612740, 1610612740, 2013, 'Pelicans', 'New Orleans', 'NOP', 'West', 'Southwest'),
    (1610612741, 1610612741, 2013, 'Bulls', 'Chicago', 'CHI', 'East', 'Central'),
    (1610612742, 1610612742, 2013, 'Mavericks', 'Dallas', 'DAL', 'West', 'Southwest'),
    (1610612743, 1610612743, 2013, 'Nuggets', 'Denver', 'DEN', 'West', 'Northwest'),
    (1610612744, 1610612744, 2013, 'Warriors', 'San Francisco', 'GSW', 'West', 'Pacific'),
    (1610612745, 1610612745, 2013, 'Rockets', 'Houston', 'HOU', 'West', 'Southwest'),
    (1610612746, 1610612746, 2013, 'Clippers', 'Los Angeles', 'LAC', 'West', 'Pacific'),
    (1610612747, 1610612747, 2013, 'Lakers', 'Los Angeles', 'LAL', 'West', 'Pacific'),
    (1610612748, 1610612748, 2013, 'Heat', 'Miami', 'MIA', 'East', 'Southeast'),
    (1610612749, 1610612749, 2013, 'Bucks', 'Milwaukee', 'MIL', 'East', 'Central'),
    (1610612750, 1610612750, 2013, 'Timberwolves', 'Minnesota', 'MIN', 'West', 'Northwest'),
    (1610612751, 1610612751, 2013, 'Nets', 'Brooklyn', 'BKN', 'East', 'Atlantic'),
    (1610612752, 1610612752, 2013, 'Knicks', 'New York', 'NYK', 'East', 'Atlantic'),
    (1610612753, 1610612753, 2013, 'Magic', 'Orlando', 'ORL', 'East', 'Southeast'),
    (1610612754, 1610612754, 2013, 'Pacers', 'Indiana', 'IND', 'East', 'Central'),
    (1610612755, 1610612755, 2013, '76ers', 'Philadelphia', 'PHI', 'East', 'Atlantic'),
    (1610612756, 1610612756, 2013, 'Suns', 'Phoenix', 'PHX', 'West', 'Pacific'),
    (1610612757, 1610612757, 2013, 'Trail Blazers', 'Portland', 'POR', 'West', 'Northwest'),
    (1610612758, 1610612758, 2013, 'Kings', 'Sacramento', 'SAC', 'West', 'Pacific'),
    (1610612759, 1610612759, 2013, 'Spurs', 'San Antonio', 'SAS', 'West', 'Southwest'),
    (1610612760, 1610612760, 2013, 'Thunder', 'Oklahoma City', 'OKC', 'West', 'Northwest'),
    (1610612761, 1610612761, 2013, 'Raptors', 'Toronto', 'TOR', 'East', 'Atlantic'),
    (1610612762, 1610612762, 2013, 'Jazz', 'Utah', 'UTA', 'West', 'Northwest'),
    (1610612763, 1610612763, 2013, 'Grizzlies', 'Memphis', 'MEM', 'West', 'Southwest'),
    (1610612764, 1610612764, 2013, 'Wizards', 'Washington', 'WAS', 'East', 'Southeast'),
    (1610612765, 1610612765, 2013, 'Pistons', 'Detroit', 'DET', 'East', 'Central'),
    (1610612766, 1610612766, 2013, 'Hornets', 'Charlotte', 'CHA', 'East', 'Southeast'),
    (1610612737, 1610612737, 2014, 'Hawks', 'Atlanta', 'ATL', 'East', 'Southeast'),
    (1610612738, 1610612738, 2014, 'Celtics', 'Boston', 'BOS', 'East', 'Atlantic'),
    (1610612739, 1610612739, 2014, 'Cavaliers', 'Cleveland', 'CLE', 'East', 'Central'),
    (1610612740, 1610612740, 2014, 'Pelicans', 'New Orleans', 'NOP', 'West', 'Southwest'),
    (1610612741, 1610612741, 2014, 'Bulls', 'Chicago', 'CHI', 'East', 'Central'),
    (1610612742, 1610612742, 2014, 'Mavericks', 'Dallas', 'DAL', 'West', 'Southwest'),
    (1610612743, 1610612743, 2014, 'Nuggets', 'Denver', 'DEN', 'West', 'Northwest'),
    (1610612744, 1610612744, 2014, 'Warriors', 'San Francisco', 'GSW', 'West', 'Pacific'),
    (1610612745, 1610612745, 2014, 'Rockets', 'Houston', 'HOU', 'West', 'Southwest'),
    (1610612746, 1610612746, 2014, 'Clippers', 'Los Angeles', 'LAC', 'West', 'Pacific'),
    (1610612747, 1610612747, 2014, 'Lakers', 'Los Angeles', 'LAL', 'West', 'Pacific'),
    (1610612748, 1610612748, 2014, 'Heat', 'Miami', 'MIA', 'East', 'Southeast'),
    (1610612749, 1610612749, 2014, 'Bucks', 'Milwaukee', 'MIL', 'East', 'Central'),
    (1610612750, 1610612750, 2014, 'Timberwolves', 'Minnesota', 'MIN', 'West', 'Northwest'),
    (1610612751, 1610612751, 2014, 'Nets', 'Brooklyn', 'BKN', 'East', 'Atlantic'),
    (1610612752, 1610612752, 2014, 'Knicks', 'New York', 'NYK', 'East', 'Atlantic'),
    (1610612753, 1610612753, 2014, 'Magic', 'Orlando', 'ORL', 'East', 'Southeast'),
    (1610612754, 1610612754, 2014, 'Pacers', 'Indiana', 'IND', 'East', 'Central'),
    (1610612755, 1610612755, 2014, '76ers', 'Philadelphia', 'PHI', 'East', 'Atlantic'),
    (1610612756, 1610612756, 2014, 'Suns', 'Phoenix', 'PHX', 'West', 'Pacific'),
    (1610612757, 1610612757, 2014, 'Trail Blazers', 'Portland', 'POR', 'West', 'Northwest'),
    (1610612758, 1610612758, 2014, 'Kings', 'Sacramento', 'SAC', 'West', 'Pacific'),
    (1610612759, 1610612759, 2014, 'Spurs', 'San Antonio', 'SAS', 'West', 'Southwest'),
    (1610612760, 1610612760, 2014, 'Thunder', 'Oklahoma City', 'OKC', 'West', 'Northwest'),
    (1610612761, 1610612761, 2014, 'Raptors', 'Toronto', 'TOR', 'East', 'Atlantic'),
    (1610612762, 1610612762, 2014, 'Jazz', 'Utah', 'UTA', 'West', 'Northwest'),
    (1610612763, 1610612763, 2014, 'Grizzlies', 'Memphis', 'MEM', 'West', 'Southwest'),
    (1610612764, 1610612764, 2014, 'Wizards', 'Washington', 'WAS', 'East', 'Southeast'),
    (1610612765, 1610612765, 2014, 'Pistons', 'Detroit', 'DET', 'East', 'Central'),
    (1610612766, 1610612766, 2014, 'Hornets', 'Charlotte', 'CHA', 'East', 'Southeast'),
    (1610612737, 1610612737, 2015, 'Hawks', 'Atlanta', 'ATL', 'East', 'Southeast'),
    (1610612738, 1610612738, 2015, 'Celtics', 'Boston', 'BOS', 'East', 'Atlantic'),
    (1610612739, 1610612739, 2015, 'Cavaliers', 'Cleveland', 'CLE', 'East', 'Central'),
    (1610612740, 1610612740, 2015, 'Pelicans', 'New Orleans', 'NOP', 'West', 'Southwest'),
    (1610612741, 1610612741, 2015, 'Bulls', 'Chicago', 'CHI', 'East', 'Central'),
    (1610612742, 1610612742, 2015, 'Mavericks', 'Dallas', 'DAL', 'West', 'Southwest'),
    (1610612743, 1610612743, 2015, 'Nuggets', 'Denver', 'DEN', 'West', 'Northwest'),
    (1610612744, 1610612744, 2015, 'Warriors', 'San Francisco', 'GSW', 'West', 'Pacific'),
    (1610612745, 1610612745, 2015, 'Rockets', 'Houston', 'HOU', 'West', 'Southwest'),
    (1610612746, 1610612746, 2015, 'Clippers', 'Los Angeles', 'LAC', 'West', 'Pacific'),
    (1610612747, 1610612747, 2015, 'Lakers', 'Los Angeles', 'LAL', 'West', 'Pacific'),
    (1610612748, 1610612748, 2015, 'Heat', 'Miami', 'MIA', 'East', 'Southeast'),
    (1610612749, 1610612749, 2015, 'Bucks', 'Milwaukee', 'MIL', 'East', 'Central'),
    (1610612750, 1610612750, 2015, 'Timberwolves', 'Minnesota', 'MIN', 'West', 'Northwest'),
    (1610612751, 1610612751, 2015, 'Nets', 'Brooklyn', 'BKN', 'East', 'Atlantic'),
    (1610612752, 1610612752, 2015, 'Knicks', 'New York', 'NYK', 'East', 'Atlantic'),
    (1610612753, 1610612753, 2015, 'Magic', 'Orlando', 'ORL', 'East', 'Southeast'),
    (1610612754, 1610612754, 2015, 'Pacers', 'Indiana', 'IND', 'East', 'Central'),
    (1610612755, 1610612755, 2015, '76ers', 'Philadelphia', 'PHI', 'East', 'Atlantic'),
    (1610612756, 1610612756, 2015, 'Suns', 'Phoenix', 'PHX', 'West', 'Pacific'),
    (1610612757, 1610612757, 2015, 'Trail Blazers', 'Portland', 'POR', 'West', 'Northwest'),
    (1610612758, 1610612758, 2015, 'Kings', 'Sacramento', 'SAC', 'West', 'Pacific'),
    (1610612759, 1610612759, 2015, 'Spurs', 'San Antonio', 'SAS', 'West', 'Southwest'),
    (1610612760, 1610612760, 2015, 'Thunder', 'Oklahoma City', 'OKC', 'West', 'Northwest'),
    (1610612761, 1610612761, 2015, 'Raptors', 'Toronto', 'TOR', 'East', 'Atlantic'),
    (1610612762, 1610612762, 2015, 'Jazz', 'Utah', 'UTA', 'West', 'Northwest'),
    (1610612763, 1610612763, 2015, 'Grizzlies', 'Memphis', 'MEM', 'West', 'Southwest'),
    (1610612764, 1610612764, 2015, 'Wizards', 'Washington', 'WAS', 'East', 'Southeast'),
    (1610612765, 1610612765, 2015, 'Pistons', 'Detroit', 'DET', 'East', 'Central'),
    (1610612766, 1610612766, 2015, 'Hornets', 'Charlotte', 'CHA', 'East', 'Southeast'),
    (1610612737, 1610612737, 2016, 'Hawks', 'Atlanta', 'ATL', 'East', 'Southeast'),
    (1610612738, 1610612738, 2016, 'Celtics', 'Boston', 'BOS', 'East', 'Atlantic'),
    (1610612739, 1610612739, 2016, 'Cavaliers', 'Cleveland', 'CLE', 'East', 'Central'),
    (1610612740, 1610612740, 2016, 'Pelicans', 'New Orleans', 'NOP', 'West', 'Southwest'),
    (1610612741, 1610612741, 2016, 'Bulls', 'Chicago', 'CHI', 'East', 'Central'),
    (1610612742, 1610612742, 2016, 'Mavericks', 'Dallas', 'DAL', 'West', 'Southwest'),
    (1610612743, 1610612743, 2016, 'Nuggets', 'Denver', 'DEN', 'West', 'Northwest'),
    (1610612744, 1610612744, 2016, 'Warriors', 'San Francisco', 'GSW', 'West', 'Pacific'),
    (1610612745, 1610612745, 2016, 'Rockets', 'Houston', 'HOU', 'West', 'Southwest'),
    (1610612746, 1610612746, 2016, 'Clippers', 'Los Angeles', 'LAC', 'West', 'Pacific'),
    (1610612747, 1610612747, 2016, 'Lakers', 'Los Angeles', 'LAL', 'West', 'Pacific'),
    (1610612748, 1610612748, 2016, 'Heat', 'Miami', 'MIA', 'East', 'Southeast'),
    (1610612749, 1610612749, 2016, 'Bucks', 'Milwaukee', 'MIL', 'East', 'Central'),
    (1610612750, 1610612750, 2016, 'Timberwolves', 'Minnesota', 'MIN', 'West', 'Northwest'),
    (1610612751, 1610612751, 2016, 'Nets', 'Brooklyn', 'BKN', 'East', 'Atlantic'),
    (1610612752, 1610612752, 2016, 'Knicks', 'New York', 'NYK', 'East', 'Atlantic'),
    (1610612753, 1610612753, 2016, 'Magic', 'Orlando', 'ORL', 'East', 'Southeast'),
    (1610612754, 1610612754, 2016, 'Pacers', 'Indiana', 'IND', 'East', 'Central'),
    (1610612755, 1610612755, 2016, '76ers', 'Philadelphia', 'PHI', 'East', 'Atlantic'),
    (1610612756, 1610612756, 2016, 'Suns', 'Phoenix', 'PHX', 'West', 'Pacific'),
    (1610612757, 1610612757, 2016, 'Trail Blazers', 'Portland', 'POR', 'West', 'Northwest'),
    (1610612758, 1610612758, 2016, 'Kings', 'Sacramento', 'SAC', 'West', 'Pacific'),
    (1610612759, 1610612759, 2016, 'Spurs', 'San Antonio', 'SAS', 'West', 'Southwest'),
    (1610612760, 1610612760, 2016, 'Thunder', 'Oklahoma City', 'OKC', 'West', 'Northwest'),
    (1610612761, 1610612761, 2016, 'Raptors', 'Toronto', 'TOR', 'East', 'Atlantic'),
    (1610612762, 1610612762, 2016, 'Jazz', 'Utah', 'UTA', 'West', 'Northwest'),
    (1610612763, 1610612763, 2016, 'Grizzlies', 'Memphis', 'MEM', 'West', 'Southwest'),
    (1610612764, 1610612764, 2016, 'Wizards', 'Washington', 'WAS', 'East', 'Southeast'),
    (1610612765, 1610612765, 2016, 'Pistons', 'Detroit', 'DET', 'East', 'Central'),
    (1610612766, 1610612766, 2016, 'Hornets', 'Charlotte', 'CHA', 'East', 'Southeast'),
    (1610612737, 1610612737, 2017, 'Hawks', 'Atlanta', 'ATL', 'East', 'Southeast'),
    (1610612738, 1610612738, 2017, 'Celtics', 'Boston', 'BOS', 'East', 'Atlantic'),
    (1610612739, 1610612739, 2017, 'Cavaliers', 'Cleveland', 'CLE', 'East', 'Central'),
    (1610612740, 1610612740, 2017, 'Pelicans', 'New Orleans', 'NOP', 'West', 'Southwest'),
    (1610612741, 1610612741, 2017, 'Bulls', 'Chicago', 'CHI', 'East', 'Central'),
    (1610612742, 1610612742, 2017, 'Mavericks', 'Dallas', 'DAL', 'West', 'Southwest'),
    (1610612743, 1610612743, 2017, 'Nuggets', 'Denver', 'DEN', 'West', 'Northwest'),
    (1610612744, 1610612744, 2017, 'Warriors', 'San Francisco', 'GSW', 'West', 'Pacific'),
    (1610612745, 1610612745, 2017, 'Rockets', 'Houston', 'HOU', 'West', 'Southwest'),
    (1610612746, 1610612746, 2017, 'Clippers', 'Los Angeles', 'LAC', 'West', 'Pacific'),
    (1610612747, 1610612747, 2017, 'Lakers', 'Los Angeles', 'LAL', 'West', 'Pacific'),
    (1610612748, 1610612748, 2017, 'Heat', 'Miami', 'MIA', 'East', 'Southeast'),
    (1610612749, 1610612749, 2017, 'Bucks', 'Milwaukee', 'MIL', 'East', 'Central'),
    (1610612750, 1610612750, 2017, 'Timberwolves', 'Minnesota', 'MIN', 'West', 'Northwest'),
    (1610612751, 1610612751, 2017, 'Nets', 'Brooklyn', 'BKN', 'East', 'Atlantic'),
    (1610612752, 1610612752, 2017, 'Knicks', 'New York', 'NYK', 'East', 'Atlantic'),
    (1610612753, 1610612753, 2017, 'Magic', 'Orlando', 'ORL', 'East', 'Southeast'),
    (1610612754, 1610612754, 2017, 'Pacers', 'Indiana', 'IND', 'East', 'Central'),
    (1610612755, 1610612755, 2017, '76ers', 'Philadelphia', 'PHI', 'East', 'Atlantic'),
    (1610612756, 1610612756, 2017, 'Suns', 'Phoenix', 'PHX', 'West', 'Pacific'),
    (1610612757, 1610612757, 2017, 'Trail Blazers', 'Portland', 'POR', 'West', 'Northwest'),
    (1610612758, 1610612758, 2017, 'Kings', 'Sacramento', 'SAC', 'West', 'Pacific'),
    (1610612759, 1610612759, 2017, 'Spurs', 'San Antonio', 'SAS', 'West', 'Southwest'),
    (1610612760, 1610612760, 2017, 'Thunder', 'Oklahoma City', 'OKC', 'West', 'Northwest'),
    (1610612761, 1610612761, 2017, 'Raptors', 'Toronto', 'TOR', 'East', 'Atlantic'),
    (1610612762, 1610612762, 2017, 'Jazz', 'Utah', 'UTA', 'West', 'Northwest'),
    (1610612763, 1610612763, 2017, 'Grizzlies', 'Memphis', 'MEM', 'West', 'Southwest'),
    (1610612764, 1610612764, 2017, 'Wizards', 'Washington', 'WAS', 'East', 'Southeast'),
    (1610612765, 1610612765, 2017, 'Pistons', 'Detroit', 'DET', 'East', 'Central'),
    (1610612766, 1610612766, 2017, 'Hornets', 'Charlotte', 'CHA', 'East', 'Southeast'),
    (1610612737, 1610612737, 2018, 'Hawks', 'Atlanta', 'ATL', 'East', 'Southeast'),
    (1610612738, 1610612738, 2018, 'Celtics', 'Boston', 'BOS', 'East', 'Atlantic'),
    (1610612739, 1610612739, 2018, 'Cavaliers', 'Cleveland', 'CLE', 'East', 'Central'),
    (1610612740, 1610612740, 2018, 'Pelicans', 'New Orleans', 'NOP', 'West', 'Southwest'),
    (1610612741, 1610612741, 2018, 'Bulls', 'Chicago', 'CHI', 'East', 'Central'),
    (1610612742, 1610612742, 2018, 'Mavericks', 'Dallas', 'DAL', 'West', 'Southwest'),
    (1610612743, 1610612743, 2018, 'Nuggets', 'Denver', 'DEN', 'West', 'Northwest'),
    (1610612744, 1610612744, 2018, 'Warriors', 'San Francisco', 'GSW', 'West', 'Pacific'),
    (1610612745, 1610612745, 2018, 'Rockets', 'Houston', 'HOU', 'West', 'Southwest'),
    (1610612746, 1610612746, 2018, 'Clippers', 'Los Angeles', 'LAC', 'West', 'Pacific'),
    (1610612747, 1610612747, 2018, 'Lakers', 'Los Angeles', 'LAL', 'West', 'Pacific'),
    (1610612748, 1610612748, 2018, 'Heat', 'Miami', 'MIA', 'East', 'Southeast'),
    (1610612749, 1610612749, 2018, 'Bucks', 'Milwaukee', 'MIL', 'East', 'Central'),
    (1610612750, 1610612750, 2018, 'Timberwolves', 'Minnesota', 'MIN', 'West', 'Northwest'),
    (1610612751, 1610612751, 2018, 'Nets', 'Brooklyn', 'BKN', 'East', 'Atlantic'),
    (1610612752, 1610612752, 2018, 'Knicks', 'New York', 'NYK', 'East', 'Atlantic'),
    (1610612753, 1610612753, 2018, 'Magic', 'Orlando', 'ORL', 'East', 'Southeast'),
    (1610612754, 1610612754, 2018, 'Pacers', 'Indiana', 'IND', 'East', 'Central'),
    (1610612755, 1610612755, 2018, '76ers', 'Philadelphia', 'PHI', 'East', 'Atlantic'),
    (1610612756, 1610612756, 2018, 'Suns', 'Phoenix', 'PHX', 'West', 'Pacific'),
    (1610612757, 1610612757, 2018, 'Trail Blazers', 'Portland', 'POR', 'West', 'Northwest'),
    (1610612758, 1610612758, 2018, 'Kings', 'Sacramento', 'SAC', 'West', 'Pacific'),
    (1610612759, 1610612759, 2018, 'Spurs', 'San Antonio', 'SAS', 'West', 'Southwest'),
    (1610612760, 1610612760, 2018, 'Thunder', 'Oklahoma City', 'OKC', 'West', 'Northwest'),
    (1610612761, 1610612761, 2018, 'Raptors', 'Toronto', 'TOR', 'East', 'Atlantic'),
    (1610612762, 1610612762, 2018, 'Jazz', 'Utah', 'UTA', 'West', 'Northwest'),
    (1610612763, 1610612763, 2018, 'Grizzlies', 'Memphis', 'MEM', 'West', 'Southwest'),
    (1610612764, 1610612764, 2018, 'Wizards', 'Washington', 'WAS', 'East', 'Southeast'),
    (1610612765, 1610612765, 2018, 'Pistons', 'Detroit', 'DET', 'East', 'Central'),
    (1610612766, 1610612766, 2018, 'Hornets', 'Charlotte', 'CHA', 'East', 'Southeast'),
    (1610612737, 1610612737, 2019, 'Hawks', 'Atlanta', 'ATL', 'East', 'Southeast'),
    (1610612738, 1610612738, 2019, 'Celtics', 'Boston', 'BOS', 'East', 'Atlantic'),
    (1610612739, 1610612739, 2019, 'Cavaliers', 'Cleveland', 'CLE', 'East', 'Central'),
    (1610612740, 1610612740, 2019, 'Pelicans', 'New Orleans', 'NOP', 'West', 'Southwest'),
    (1610612741, 1610612741, 2019, 'Bulls', 'Chicago', 'CHI', 'East', 'Central'),
    (1610612742, 1610612742, 2019, 'Mavericks', 'Dallas', 'DAL', 'West', 'Southwest'),
    (1610612743, 1610612743, 2019, 'Nuggets', 'Denver', 'DEN', 'West', 'Northwest'),
    (1610612744, 1610612744, 2019, 'Warriors', 'San Francisco', 'GSW', 'West', 'Pacific'),
    (1610612745, 1610612745, 2019, 'Rockets', 'Houston', 'HOU', 'West', 'Southwest'),
    (1610612746, 1610612746, 2019, 'Clippers', 'Los Angeles', 'LAC', 'West', 'Pacific'),
    (1610612747, 1610612747, 2019, 'Lakers', 'Los Angeles', 'LAL', 'West', 'Pacific'),
    (1610612748, 1610612748, 2019, 'Heat', 'Miami', 'MIA', 'East', 'Southeast'),
    (1610612749, 1610612749, 2019, 'Bucks', 'Milwaukee', 'MIL', 'East', 'Central'),
    (1610612750, 1610612750, 2019, 'Timberwolves', 'Minnesota', 'MIN', 'West', 'Northwest'),
    (1610612751, 1610612751, 2019, 'Nets', 'Brooklyn', 'BKN', 'East', 'Atlantic'),
    (1610612752, 1610612752, 2019, 'Knicks', 'New York', 'NYK', 'East', 'Atlantic'),
    (1610612753, 1610612753, 2019, 'Magic', 'Orlando', 'ORL', 'East', 'Southeast'),
    (1610612754, 1610612754, 2019, 'Pacers', 'Indiana', 'IND', 'East', 'Central'),
    (1610612755, 1610612755, 2019, '76ers', 'Philadelphia', 'PHI', 'East', 'Atlantic'),
    (1610612756, 1610612756, 2019, 'Suns', 'Phoenix', 'PHX', 'West', 'Pacific'),
    (1610612757, 1610612757, 2019, 'Trail Blazers', 'Portland', 'POR', 'West', 'Northwest'),
    (1610612758, 1610612758, 2019, 'Kings', 'Sacramento', 'SAC', 'West', 'Pacific'),
    (1610612759, 1610612759, 2019, 'Spurs', 'San Antonio', 'SAS', 'West', 'Southwest'),
    (1610612760, 1610612760, 2019, 'Thunder', 'Oklahoma City', 'OKC', 'West', 'Northwest'),
    (1610612761, 1610612761, 2019, 'Raptors', 'Toronto', 'TOR', 'East', 'Atlantic'),
    (1610612762, 1610612762, 2019, 'Jazz', 'Utah', 'UTA', 'West', 'Northwest'),
    (1610612763, 1610612763, 2019, 'Grizzlies', 'Memphis', 'MEM', 'West', 'Southwest'),
    (1610612764, 1610612764, 2019, 'Wizards', 'Washington', 'WAS', 'East', 'Southeast'),
    (1610612765, 1610612765, 2019, 'Pistons', 'Detroit', 'DET', 'East', 'Central'),
    (1610612766, 1610612766, 2019, 'Hornets', 'Charlotte', 'CHA', 'East', 'Southeast'),
    (1610612737, 1610612737, 2020, 'Hawks', 'Atlanta', 'ATL', 'East', 'Southeast'),
    (1610612738, 1610612738, 2020, 'Celtics', 'Boston', 'BOS', 'East', 'Atlantic'),
    (1610612739, 1610612739, 2020, 'Cavaliers', 'Cleveland', 'CLE', 'East', 'Central'),
    (1610612740, 1610612740, 2020, 'Pelicans', 'New Orleans', 'NOP', 'West', 'Southwest'),
    (1610612741, 1610612741, 2020, 'Bulls', 'Chicago', 'CHI', 'East', 'Central'),
    (1610612742, 1610612742, 2020, 'Mavericks', 'Dallas', 'DAL', 'West', 'Southwest'),
    (1610612743, 1610612743, 2020, 'Nuggets', 'Denver', 'DEN', 'West', 'Northwest'),
    (1610612744, 1610612744, 2020, 'Warriors', 'San Francisco', 'GSW', 'West', 'Pacific'),
    (1610612745, 1610612745, 2020, 'Rockets', 'Houston', 'HOU', 'West', 'Southwest'),
    (1610612746, 1610612746, 2020, 'Clippers', 'Los Angeles', 'LAC', 'West', 'Pacific'),
    (1610612747, 1610612747, 2020, 'Lakers', 'Los Angeles', 'LAL', 'West', 'Pacific'),
    (1610612748, 1610612748, 2020, 'Heat', 'Miami', 'MIA', 'East', 'Southeast'),
    (1610612749, 1610612749, 2020, 'Bucks', 'Milwaukee', 'MIL', 'East', 'Central'),
    (1610612750, 1610612750, 2020, 'Timberwolves', 'Minnesota', 'MIN', 'West', 'Northwest'),
    (1610612751, 1610612751, 2020, 'Nets', 'Brooklyn', 'BKN', 'East', 'Atlantic'),
    (1610612752, 1610612752, 2020, 'Knicks', 'New York', 'NYK', 'East', 'Atlantic'),
    (1610612753, 1610612753, 2020, 'Magic', 'Orlando', 'ORL', 'East', 'Southeast'),
    (1610612754, 1610612754, 2020, 'Pacers', 'Indiana', 'IND', 'East', 'Central'),
    (1610612755, 1610612755, 2020, '76ers', 'Philadelphia', 'PHI', 'East', 'Atlantic'),
    (1610612756, 1610612756, 2020, 'Suns', 'Phoenix', 'PHX', 'West', 'Pacific'),
    (1610612757, 1610612757, 2020, 'Trail Blazers', 'Portland', 'POR', 'West', 'Northwest'),
    (1610612758, 1610612758, 2020, 'Kings', 'Sacramento', 'SAC', 'West', 'Pacific'),
    (1610612759, 1610612759, 2020, 'Spurs', 'San Antonio', 'SAS', 'West', 'Southwest'),
    (1610612760, 1610612760, 2020, 'Thunder', 'Oklahoma City', 'OKC', 'West', 'Northwest'),
    (1610612761, 1610612761, 2020, 'Raptors', 'Toronto', 'TOR', 'East', 'Atlantic'),
    (1610612762, 1610612762, 2020, 'Jazz', 'Utah', 'UTA', 'West', 'Northwest'),
    (1610612763, 1610612763, 2020, 'Grizzlies', 'Memphis', 'MEM', 'West', 'Southwest'),
    (1610612764, 1610612764, 2020, 'Wizards', 'Washington', 'WAS', 'East', 'Southeast'),
    (1610612765, 1610612765, 2020, 'Pistons', 'Detroit', 'DET', 'East', 'Central'),
    (1610612766, 1610612766, 2020, 'Hornets', 'Charlotte', 'CHA', 'East', 'Southeast'),
    (1610612737, 1610612737, 2021, 'Hawks', 'Atlanta', 'ATL', 'East', 'Southeast'),
    (1610612738, 1610612738, 2021, 'Celtics', 'Boston', 'BOS', 'East', 'Atlantic'),
    (1610612739, 1610612739, 2021, 'Cavaliers', 'Cleveland', 'CLE', 'East', 'Central'),
    (1610612740, 1610612740, 2021, 'Pelicans', 'New Orleans', 'NOP', 'West', 'Southwest'),
    (1610612741, 1610612741, 2021, 'Bulls', 'Chicago', 'CHI', 'East', 'Central'),
    (1610612742, 1610612742, 2021, 'Mavericks', 'Dallas', 'DAL', 'West', 'Southwest'),
    (1610612743, 1610612743, 2021, 'Nuggets', 'Denver', 'DEN', 'West', 'Northwest'),
    (1610612744, 1610612744, 2021, 'Warriors', 'San Francisco', 'GSW', 'West', 'Pacific'),
    (1610612745, 1610612745, 2021, 'Rockets', 'Houston', 'HOU', 'West', 'Southwest'),
    (1610612746, 1610612746, 2021, 'Clippers', 'Los Angeles', 'LAC', 'West', 'Pacific'),
    (1610612747, 1610612747, 2021, 'Lakers', 'Los Angeles', 'LAL', 'West', 'Pacific'),
    (1610612748, 1610612748, 2021, 'Heat', 'Miami', 'MIA', 'East', 'Southeast'),
    (1610612749, 1610612749, 2021, 'Bucks', 'Milwaukee', 'MIL', 'East', 'Central'),
    (1610612750, 1610612750, 2021, 'Timberwolves', 'Minnesota', 'MIN', 'West', 'Northwest'),
    (1610612751, 1610612751, 2021, 'Nets', 'Brooklyn', 'BKN', 'East', 'Atlantic'),
    (1610612752, 1610612752, 2021, 'Knicks', 'New York', 'NYK', 'East', 'Atlantic'),
    (1610612753, 1610612753, 2021, 'Magic', 'Orlando', 'ORL', 'East', 'Southeast'),
    (1610612754, 1610612754, 2021, 'Pacers', 'Indiana', 'IND', 'East', 'Central'),
    (1610612755, 1610612755, 2021, '76ers', 'Philadelphia', 'PHI', 'East', 'Atlantic'),
    (1610612756, 1610612756, 2021, 'Suns', 'Phoenix', 'PHX', 'West', 'Pacific'),
    (1610612757, 1610612757, 2021, 'Trail Blazers', 'Portland', 'POR', 'West', 'Northwest'),
    (1610612758, 1610612758, 2021, 'Kings', 'Sacramento', 'SAC', 'West', 'Pacific'),
    (1610612759, 1610612759, 2021, 'Spurs', 'San Antonio', 'SAS', 'West', 'Southwest'),
    (1610612760, 1610612760, 2021, 'Thunder', 'Oklahoma City', 'OKC', 'West', 'Northwest'),
    (1610612761, 1610612761, 2021, 'Raptors', 'Toronto', 'TOR', 'East', 'Atlantic'),
    (1610612762, 1610612762, 2021, 'Jazz', 'Utah', 'UTA', 'West', 'Northwest'),
    (1610612763, 1610612763, 2021, 'Grizzlies', 'Memphis', 'MEM', 'West', 'Southwest'),
    (1610612764, 1610612764, 2021, 'Wizards', 'Washington', 'WAS', 'East', 'Southeast'),
    (1610612765, 1610612765, 2021, 'Pistons', 'Detroit', 'DET', 'East', 'Central'),
    (1610612766, 1610612766, 2021, 'Hornets', 'Charlotte', 'CHA', 'East', 'Southeast'),
    (1610612737, 1610612737, 2022, 'Hawks', 'Atlanta', 'ATL', 'East', 'Southeast'),
    (1610612738, 1610612738, 2022, 'Celtics', 'Boston', 'BOS', 'East', 'Atlantic'),
    (1610612739, 1610612739, 2022, 'Cavaliers', 'Cleveland', 'CLE', 'East', 'Central'),
    (1610612740, 1610612740, 2022, 'Pelicans', 'New Orleans', 'NOP', 'West', 'Southwest'),
    (1610612741, 1610612741, 2022, 'Bulls', 'Chicago', 'CHI', 'East', 'Central'),
    (1610612742, 1610612742, 2022, 'Mavericks', 'Dallas', 'DAL', 'West', 'Southwest'),
    (1610612743, 1610612743, 2022, 'Nuggets', 'Denver', 'DEN', 'West', 'Northwest'),
    (1610612744, 1610612744, 2022, 'Warriors', 'San Francisco', 'GSW', 'West', 'Pacific'),
    (1610612745, 1610612745, 2022, 'Rockets', 'Houston', 'HOU', 'West', 'Southwest'),
    (1610612746, 1610612746, 2022, 'Clippers', 'Los Angeles', 'LAC', 'West', 'Pacific'),
    (1610612747, 1610612747, 2022, 'Lakers', 'Los Angeles', 'LAL', 'West', 'Pacific'),
    (1610612748, 1610612748, 2022, 'Heat', 'Miami', 'MIA', 'East', 'Southeast'),
    (1610612749, 1610612749, 2022, 'Bucks', 'Milwaukee', 'MIL', 'East', 'Central'),
    (1610612750, 1610612750, 2022, 'Timberwolves', 'Minnesota', 'MIN', 'West', 'Northwest'),
    (1610612751, 1610612751, 2022, 'Nets', 'Brooklyn', 'BKN', 'East', 'Atlantic'),
    (1610612752, 1610612752, 2022, 'Knicks', 'New York', 'NYK', 'East', 'Atlantic'),
    (1610612753, 1610612753, 2022, 'Magic', 'Orlando', 'ORL', 'East', 'Southeast'),
    (1610612754, 1610612754, 2022, 'Pacers', 'Indiana', 'IND', 'East', 'Central'),
    (1610612755, 1610612755, 2022, '76ers', 'Philadelphia', 'PHI', 'East', 'Atlantic'),
    (1610612756, 1610612756, 2022, 'Suns', 'Phoenix', 'PHX', 'West', 'Pacific'),
    (1610612757, 1610612757, 2022, 'Trail Blazers', 'Portland', 'POR', 'West', 'Northwest'),
    (1610612758, 1610612758, 2022, 'Kings', 'Sacramento', 'SAC', 'West', 'Pacific'),
    (1610612759, 1610612759, 2022, 'Spurs', 'San Antonio', 'SAS', 'West', 'Southwest'),
    (1610612760, 1610612760, 2022, 'Thunder', 'Oklahoma City', 'OKC', 'West', 'Northwest'),
    (1610612761, 1610612761, 2022, 'Raptors', 'Toronto', 'TOR', 'East', 'Atlantic'),
    (1610612762, 1610612762, 2022, 'Jazz', 'Utah', 'UTA', 'West', 'Northwest'),
    (1610612763, 1610612763, 2022, 'Grizzlies', 'Memphis', 'MEM', 'West', 'Southwest'),
    (1610612764, 1610612764, 2022, 'Wizards', 'Washington', 'WAS', 'East', 'Southeast'),
    (1610612765, 1610612765, 2022, 'Pistons', 'Detroit', 'DET', 'East', 'Central'),
    (1610612766, 1610612766, 2022, 'Hornets', 'Charlotte', 'CHA', 'East', 'Southeast'),
    (1610612737, 1610612737, 2023, 'Hawks', 'Atlanta', 'ATL', 'East', 'Southeast'),
    (1610612738, 1610612738, 2023, 'Celtics', 'Boston', 'BOS', 'East', 'Atlantic'),
    (1610612739, 1610612739, 2023, 'Cavaliers', 'Cleveland', 'CLE', 'East', 'Central'),
    (1610612740, 1610612740, 2023, 'Pelicans', 'New Orleans', 'NOP', 'West', 'Southwest'),
    (1610612741, 1610612741, 2023, 'Bulls', 'Chicago', 'CHI', 'East', 'Central'),
    (1610612742, 1610612742, 2023, 'Mavericks', 'Dallas', 'DAL', 'West', 'Southwest'),
    (1610612743, 1610612743, 2023, 'Nuggets', 'Denver', 'DEN', 'West', 'Northwest'),
    (1610612744, 1610612744, 2023, 'Warriors', 'San Francisco', 'GSW', 'West', 'Pacific'),
    (1610612745, 1610612745, 2023, 'Rockets', 'Houston', 'HOU', 'West', 'Southwest'),
    (1610612746, 1610612746, 2023, 'Clippers', 'Los Angeles', 'LAC', 'West', 'Pacific'),
    (1610612747, 1610612747, 2023, 'Lakers', 'Los Angeles', 'LAL', 'West', 'Pacific'),
    (1610612748, 1610612748, 2023, 'Heat', 'Miami', 'MIA', 'East', 'Southeast'),
    (1610612749, 1610612749, 2023, 'Bucks', 'Milwaukee', 'MIL', 'East', 'Central'),
    (1610612750, 1610612750, 2023, 'Timberwolves', 'Minnesota', 'MIN', 'West', 'Northwest'),
    (1610612751, 1610612751, 2023, 'Nets', 'Brooklyn', 'BKN', 'East', 'Atlantic'),
    (1610612752, 1610612752, 2023, 'Knicks', 'New York', 'NYK', 'East', 'Atlantic'),
    (1610612753, 1610612753, 2023, 'Magic', 'Orlando', 'ORL', 'East', 'Southeast'),
    (1610612754, 1610612754, 2023, 'Pacers', 'Indiana', 'IND', 'East', 'Central'),
    (1610612755, 1610612755, 2023, '76ers', 'Philadelphia', 'PHI', 'East', 'Atlantic'),
    (1610612756, 1610612756, 2023, 'Suns', 'Phoenix', 'PHX', 'West', 'Pacific'),
    (1610612757, 1610612757, 2023, 'Trail Blazers', 'Portland', 'POR', 'West', 'Northwest'),
    (1610612758, 1610612758, 2023, 'Kings', 'Sacramento', 'SAC', 'West', 'Pacific'),
    (1610612759, 1610612759, 2023, 'Spurs', 'San Antonio', 'SAS', 'West', 'Southwest'),
    (1610612760, 1610612760, 2023, 'Thunder', 'Oklahoma City', 'OKC', 'West', 'Northwest'),
    (1610612761, 1610612761, 2023, 'Raptors', 'Toronto', 'TOR', 'East', 'Atlantic'),
    (1610612762, 1610612762, 2023, 'Jazz', 'Utah', 'UTA', 'West', 'Northwest'),
    (1610612763, 1610612763, 2023, 'Grizzlies', 'Memphis', 'MEM', 'West', 'Southwest'),
    (1610612764, 1610612764, 2023, 'Wizards', 'Washington', 'WAS', 'East', 'Southeast'),
    (1610612765, 1610612765, 2023, 'Pistons', 'Detroit', 'DET', 'East', 'Central'),
    (1610612766, 1610612766, 2023, 'Hornets', 'Charlotte', 'CHA', 'East', 'Southeast'),
    (1610612737, 1610612737, 2024, 'Hawks', 'Atlanta', 'ATL', 'East', 'Southeast'),
    (1610612738, 1610612738, 2024, 'Celtics', 'Boston', 'BOS', 'East', 'Atlantic'),
    (1610612739, 1610612739, 2024, 'Cavaliers', 'Cleveland', 'CLE', 'East', 'Central'),
    (1610612740, 1610612740, 2024, 'Pelicans', 'New Orleans', 'NOP', 'West', 'Southwest'),
    (1610612741, 1610612741, 2024, 'Bulls', 'Chicago', 'CHI', 'East', 'Central'),
    (1610612742, 1610612742, 2024, 'Mavericks', 'Dallas', 'DAL', 'West', 'Southwest'),
    (1610612743, 1610612743, 2024, 'Nuggets', 'Denver', 'DEN', 'West', 'Northwest'),
    (1610612744, 1610612744, 2024, 'Warriors', 'San Francisco', 'GSW', 'West', 'Pacific'),
    (1610612745, 1610612745, 2024, 'Rockets', 'Houston', 'HOU', 'West', 'Southwest'),
    (1610612746, 1610612746, 2024, 'Clippers', 'Los Angeles', 'LAC', 'West', 'Pacific'),
    (1610612747, 1610612747, 2024, 'Lakers', 'Los Angeles', 'LAL', 'West', 'Pacific'),
    (1610612748, 1610612748, 2024, 'Heat', 'Miami', 'MIA', 'East', 'Southeast'),
    (1610612749, 1610612749, 2024, 'Bucks', 'Milwaukee', 'MIL', 'East', 'Central'),
    (1610612750, 1610612750, 2024, 'Timberwolves', 'Minnesota', 'MIN', 'West', 'Northwest'),
    (1610612751, 1610612751, 2024, 'Nets', 'Brooklyn', 'BKN', 'East', 'Atlantic'),
    (1610612752, 1610612752, 2024, 'Knicks', 'New York', 'NYK', 'East', 'Atlantic'),
    (1610612753, 1610612753, 2024, 'Magic', 'Orlando', 'ORL', 'East', 'Southeast'),
    (1610612754, 1610612754, 2024, 'Pacers', 'Indiana', 'IND', 'East', 'Central'),
    (1610612755, 1610612755, 2024, '76ers', 'Philadelphia', 'PHI', 'East', 'Atlantic'),
    (1610612756, 1610612756, 2024, 'Suns', 'Phoenix', 'PHX', 'West', 'Pacific'),
    (1610612757, 1610612757, 2024, 'Trail Blazers', 'Portland', 'POR', 'West', 'Northwest'),
    (1610612758, 1610612758, 2024, 'Kings', 'Sacramento', 'SAC', 'West', 'Pacific'),
    (1610612759, 1610612759, 2024, 'Spurs', 'San Antonio', 'SAS', 'West', 'Southwest'),
    (1610612760, 1610612760, 2024, 'Thunder', 'Oklahoma City', 'OKC', 'West', 'Northwest'),
    (1610612761, 1610612761, 2024, 'Raptors', 'Toronto', 'TOR', 'East', 'Atlantic'),
    (1610612762, 1610612762, 2024, 'Jazz', 'Utah', 'UTA', 'West', 'Northwest'),
    (1610612763, 1610612763, 2024, 'Grizzlies', 'Memphis', 'MEM', 'West', 'Southwest'),
    (1610612764, 1610612764, 2024, 'Wizards', 'Washington', 'WAS', 'East', 'Southeast'),
    (1610612765, 1610612765, 2024, 'Pistons', 'Detroit', 'DET', 'East', 'Central'),
    (1610612766, 1610612766, 2024, 'Hornets', 'Charlotte', 'CHA', 'East', 'Southeast');
